{
  "controller/App-dbg.controller.js": 1710931867855,
  "controller/App.controller.js": 1710931867855,
  "model/models.js": 1710931867851,
  "controller/Master.controller.js": 1711233185941,
  "controller/BaseController.js": 1710972442420,
  "manifest.json": 1711651117105,
  "Component.js": 1710931867843,
  "Component-preload.js": 1711651117221,
  "i18n/i18n.properties": 1710931929337,
  "controller/Master-dbg.controller.js": 1711233185941,
  "controller/BaseController-dbg.js": 1710972442420,
  "model/models-dbg.js": 1710931867851,
  "Component-dbg.js": 1710931867843,
  "view/Master.view.xml": 1711230665443,
  "view/App.view.xml": 1710931867859,
  "css/style.css": 1710931867855,
  "index.html": 1710931867843
}