{
  "controller/App-dbg.controller.js": 1712438289767,
  "model/models.js": 1712438289779,
  "controller/Master.controller.js": 1712438289771,
  "controller/BaseController.js": 1712438289771,
  "controller/App.controller.js": 1712438289767,
  "manifest.json": 1714370256067,
  "Component.js": 1712438289767,
  "controller/BaseController-dbg.js": 1712438289771,
  "controller/BaseController.js.map": 1714370256420,
  "controller/Master-dbg.controller.js": 1712438289771,
  "controller/Master.controller.js.map": 1714370256425,
  "model/models-dbg.js": 1712438289779,
  "model/models.js.map": 1714370256414,
  "i18n/i18n.properties": 1712438289775,
  "controller/App.controller.js.map": 1714370256416,
  "Component-dbg.js": 1712438289767,
  "Component.js.map": 1714370256425,
  "Component-preload.js": 1714370256709,
  "Component-preload.js.map": 1714370256709,
  "view/Master.view.xml": 1712438289787,
  "view/App.view.xml": 1712438289787,
  "css/style.css": 1712438289775,
  "index.html": 1714254826310
}